,
,高年級數學
https://bestian.github.io/freemath/,自由數學
,
,算術擴充
https://bestian.github.io/freemath/weblearn/%E5%88%86%E6%95%B8.htm,分數
https://bestian.github.io/freemath/weblearn/%E5%88%86%E6%95%B8%E5%88%B0%E5%B0%8F%E6%95%B8.htm,分數到小數
,幾何擴充
https://bestian.github.io/freemath/weblearn/%E9%9D%A2%E7%A9%8D%E7%9A%84%E4%BC%B0%E7%AE%97.htm,面積的估算
https://bestian.github.io/freemath/weblearn/%E9%AB%94%E7%A9%8D%E8%88%87%E5%AE%B9%E7%A9%8D.htm,體積與容積
,關係擴充
https://bestian.github.io/freemath/weblearn/%E5%9B%A0%E6%95%B8%E8%88%87%E5%80%8D%E6%95%B8.htm,因數與倍數
https://bestian.github.io/freemath/weblearn/%E6%AF%94%E8%88%87%E6%AF%94%E5%80%BC.htm,比與比值
,國中接線
https://bestian.github.io/freemath/weblearn/%E6%95%B8%E7%B7%9A.htm,數線
https://bestian.github.io/freemath/weblearn/%E6%AD%A3%E8%B2%A0%E6%95%B8.htm,正負數
https://bestian.github.io/freemath/weblearn/%E4%BB%A3%E6%95%B8%E5%85%A5%E9%96%80.htm,代數入門
